{"cameraMode":{"drawMode":0,"name":"Shaded","section":"Shading Mode"},"sceneLighting":true,"audioPlay":false,"sceneViewState":{"showFog":true,"showMaterialUpdate":false,"showSkybox":true,"showFlares":true,"showImageEffects":true,"showParticleSystems":true},"in2DMode":false,"pivot":{"x":-1.2717244625091553,"y":0.1250293254852295,"z":-0.6982026100158691},"rotation":{"x":0.15663839876651765,"y":0.7987010478973389,"z":-0.23557041585445405,"w":0.5310823321342468},"size":4.061173439025879,"orthographic":false}