{"cameraMode":{"drawMode":0,"name":"Shaded","section":"Shading Mode"},"sceneLighting":true,"audioPlay":false,"sceneViewState":{"showFog":true,"showMaterialUpdate":false,"showSkybox":false,"showFlares":true,"showImageEffects":true,"showParticleSystems":true},"in2DMode":false,"pivot":{"x":-6.576487064361572,"y":3.4294323921203615,"z":5.0484538078308109},"rotation":{"x":0.11565306037664414,"y":0.8700173497200012,"z":-0.24388743937015534,"w":0.4125680923461914},"size":4.013245105743408,"orthographic":false}