{"cameraMode":{"drawMode":0,"name":"Shaded","section":"Shading Mode"},"sceneLighting":false,"audioPlay":false,"sceneViewState":{"showFog":true,"showMaterialUpdate":false,"showSkybox":false,"showFlares":true,"showImageEffects":true,"showParticleSystems":true},"in2DMode":false,"pivot":{"x":0.0,"y":1.3086198568344117,"z":0.6847772002220154},"rotation":{"x":0.29411715269088747,"y":0.4307897090911865,"z":-0.15088443458080293,"w":0.8397331237792969},"size":2.555694341659546,"orthographic":false}