{"cameraMode":{"drawMode":0,"name":"Shaded","section":"Shading Mode"},"sceneLighting":true,"audioPlay":false,"sceneViewState":{"showFog":true,"showMaterialUpdate":false,"showSkybox":true,"showFlares":true,"showImageEffects":true,"showParticleSystems":true},"in2DMode":false,"pivot":{"x":27.185020446777345,"y":-17.584941864013673,"z":23.34098243713379},"rotation":{"x":0.22497639060020448,"y":0.3661053776741028,"z":-0.09168931096792221,"w":0.8983028531074524},"size":27.599632263183595,"orthographic":false}