{"cameraMode":{"drawMode":0,"name":"Shaded","section":"Shading Mode"},"sceneLighting":false,"audioPlay":false,"sceneViewState":{"showFog":true,"showMaterialUpdate":false,"showSkybox":false,"showFlares":true,"showImageEffects":true,"showParticleSystems":true},"in2DMode":false,"pivot":{"x":-2.5000038146972658,"y":-0.04537487030029297,"z":-2.5},"rotation":{"x":0.0855131596326828,"y":0.895825982093811,"z":-0.19685597717761994,"w":0.3891420066356659},"size":3.5403692722320558,"orthographic":false}